{
  "main": [
    {
      "name": "Home",
      "url": "/"
    },
    {
      "name": "About",
      "url": "/about"
    },
    {
      "name": "Contact",
      "url": "/contact"
    },
    {
      "name": "Pages",
      "url": "",
      "hasChildren": true,
      "children": [
        {
          "name": "Authors",
          "url": "/authors"
        },
        {
          "name": "Categories",
          "url": "/categories"
        },
        {
          "name": "Tags",
          "url": "/tags"
        },
        {
          "name": "Elements",
          "url": "/elements"
        },
        {
          "name": "Privacy Policy",
          "url": "/privacy-policy"
        }
      ]
    }
  ],
  "footer": [
    {
      "name": "About",
      "url": "/about"
    },
    {
      "name": "Contact",
      "url": "/contact"
    },
    {
      "name": "Elements",
      "url": "/elements"
    },
    {
      "name": "Privacy Policy",
      "url": "/privacy-policy"
    }
  ]
}
